Top pages,Clicks,Impressions,CTR,Position
https://www.mjm-services.co.uk/,34,3199,1.06%,38.22
https://www.mjm-services.co.uk/digger-hire-in-whyteleafe/,2,809,0.25%,35.93
https://www.mjm-services.co.uk/groundworks-contractor-in-dorking/,2,747,0.27%,41.87
https://www.mjm-services.co.uk/groundworks-in-povey-cross/,2,531,0.38%,57.2
https://www.mjm-services.co.uk/groundworks-contractor-in-maidenhead-court/,2,490,0.41%,42.43
https://www.mjm-services.co.uk/groundworks-contractor-in-warfield/,2,469,0.43%,50.59
https://www.mjm-services.co.uk/new-builds-in-bromley/,1,2689,0.04%,34.69
https://www.mjm-services.co.uk/foundations-in-west-end/,1,1477,0.07%,40.16
https://www.mjm-services.co.uk/groundworks-contractor-in-the-rise/,1,585,0.17%,45.22
https://www.mjm-services.co.uk/groundworks-contractor-in-avington/,1,494,0.2%,67.15
https://www.mjm-services.co.uk/groundworks-contractor-in-dunsfold-common/,1,480,0.21%,30.51
https://www.mjm-services.co.uk/groundworks-in-south-nutfield/,1,416,0.24%,50.36
https://www.mjm-services.co.uk/groundworks-contractor-in-tilehurst/,1,404,0.25%,46.97
https://www.mjm-services.co.uk/drainage-in-the-bourne/,1,374,0.27%,43.32
https://www.mjm-services.co.uk/digger-hire-in-farncombe/,1,339,0.29%,34.82
https://www.mjm-services.co.uk/digger-hire-in-hackney/,1,297,0.34%,22.02
https://www.mjm-services.co.uk/drainage-in-shamley-green/,1,212,0.47%,60.2
https://www.mjm-services.co.uk/groundworks-in-burghfield-common/,1,201,0.5%,51.19
https://www.mjm-services.co.uk/foundations-in-worcester-park/,1,190,0.53%,44.82
https://www.mjm-services.co.uk/groundworks-contractor-in-subrosa/,1,182,0.55%,67.2
https://www.mjm-services.co.uk/foundations-in-outwood/?s,1,181,0.55%,49.64
https://www.mjm-services.co.uk/groundworks-contractor-in-box-hill/,1,152,0.66%,44.04
https://www.mjm-services.co.uk/groundworks-in-holmwood-corner/,1,147,0.68%,55.03
https://www.mjm-services.co.uk/digger-hire-in-chertsey/,1,138,0.72%,38.36
https://www.mjm-services.co.uk/foundations-in-greenford/,1,104,0.96%,32.78
https://www.mjm-services.co.uk/drainage-in-ashford/?s,1,55,1.82%,29.07
https://www.mjm-services.co.uk/groundworks-in-cookham/?s,1,20,5%,47.35
https://www.mjm-services.co.uk/new-builds-in-south-fawley/,1,12,8.33%,22.17
https://www.mjm-services.co.uk/drainage-in-fishers-hill/?s,0,695,0%,59.25
https://www.mjm-services.co.uk/groundworks-contractor-in-lower-green/,0,580,0%,46.91
https://www.mjm-services.co.uk/drainage-in-west-horsley/,0,566,0%,48.17
https://www.mjm-services.co.uk/drainage-in-west-end-3/,0,511,0%,63.11
https://www.mjm-services.co.uk/groundworks-in-ash-estates/?s,0,474,0%,56.16
https://www.mjm-services.co.uk/groundworks-contractor-in-friday-street/,0,467,0%,46.24
https://www.mjm-services.co.uk/digger-hire-in-egham/,0,445,0%,28.4
https://www.mjm-services.co.uk/groundworks-contractor-in-whatscombe/?s,0,441,0%,62.09
https://www.mjm-services.co.uk/drainage-in-south-ascot/,0,402,0%,49.91
https://www.mjm-services.co.uk/groundworks-contractor-in-addlestone/,0,397,0%,31.85
https://www.mjm-services.co.uk/groundworks-contractor-in-ansteadbrook/,0,390,0%,57.64
https://www.mjm-services.co.uk/drainage-in-the-warren/?s,0,375,0%,52.86
https://www.mjm-services.co.uk/groundworks-in-birch-green/,0,373,0%,58
https://www.mjm-services.co.uk/groundworks-in-north-holmwood/,0,362,0%,45.4
https://www.mjm-services.co.uk/groundworks-contractor-in-dormansland/?s,0,355,0%,55.76
https://www.mjm-services.co.uk/drainage-in-woldingham/,0,349,0%,53.91
https://www.mjm-services.co.uk/groundworks-in-mount-hermon/,0,344,0%,41.8
https://www.mjm-services.co.uk/groundworks-contractor-in-dowlesgreen/?s,0,338,0%,64.22
https://www.mjm-services.co.uk/digger-hire-in-pinner/,0,329,0%,34.04
https://www.mjm-services.co.uk/groundworks-in-beech-hill/,0,325,0%,63.29
https://www.mjm-services.co.uk/groundworks-in-aarons-hill/,0,315,0%,56.54
https://www.mjm-services.co.uk/drainage-in-forest-park/,0,309,0%,50.72
https://www.mjm-services.co.uk/drainage-in-newdigate/?s,0,301,0%,63.69
https://www.mjm-services.co.uk/foundations-in-jennetts-hill/,0,291,0%,60.17
https://www.mjm-services.co.uk/new-builds-in-weybridge/,0,286,0%,25.36
https://www.mjm-services.co.uk/foundations-in-brook-place/,0,284,0%,43.46
https://www.mjm-services.co.uk/groundworks-contractor-in-titcomb/,0,279,0%,62.31
https://www.mjm-services.co.uk/foundations-in-brimpton-common/?s,0,278,0%,43.05
https://www.mjm-services.co.uk/foundations-in-west-drayton/,0,278,0%,47.92
https://www.mjm-services.co.uk/drainage-in-stud-green/,0,271,0%,49.69
https://www.mjm-services.co.uk/drainage-in-bray/,0,270,0%,65.81
https://www.mjm-services.co.uk/site-clearance/,0,268,0%,43.13
https://www.mjm-services.co.uk/new-builds-in-hackney/,0,261,0%,29.89
https://www.mjm-services.co.uk/digger-hire-in-anglefield-corner/,0,259,0%,28.74
https://www.mjm-services.co.uk/digger-hire-in-sandhills/,0,257,0%,36.57
https://www.mjm-services.co.uk/new-builds-in-godalming/,0,253,0%,55.6
https://www.mjm-services.co.uk/groundworks-contractor-in-leckhampstead/,0,251,0%,46.64
https://www.mjm-services.co.uk/groundworks-contractor-in-onslow-village/,0,248,0%,64.5
https://www.mjm-services.co.uk/foundations-in-hanworth-2/,0,247,0%,45.57
https://www.mjm-services.co.uk/groundworks-in-hog-hatch/,0,245,0%,45.72
https://www.mjm-services.co.uk/groundworks-in-grayswood/,0,237,0%,49.43
https://www.mjm-services.co.uk/groundworks-in-pharaohs-island/,0,234,0%,49.98
https://www.mjm-services.co.uk/digger-hire-in-littleton/,0,225,0%,39.4
https://www.mjm-services.co.uk/foundations-in-farley-hill/?s,0,225,0%,59.06
https://www.mjm-services.co.uk/groundworks-in-pot-common/?s,0,225,0%,60.35
https://www.mjm-services.co.uk/digger-hire-in-compton-3/,0,221,0%,44.63
https://www.mjm-services.co.uk/drainage-in-temple-park/,0,218,0%,64.84
https://www.mjm-services.co.uk/drainage-in-ruscombe/,0,209,0%,56.42
https://www.mjm-services.co.uk/foundation-services/,0,204,0%,17.35
https://www.mjm-services.co.uk/digger-hire-in-fredley/?s,0,204,0%,59.88
https://www.mjm-services.co.uk/groundworks-in-titcomb/,0,200,0%,51.94
https://www.mjm-services.co.uk/new-builds-in-sunningdale/?s,0,196,0%,38.73
https://www.mjm-services.co.uk/groundworks-in-dunsfold/,0,196,0%,47.89
https://www.mjm-services.co.uk/foundations-in-shortfield-common/,0,196,0%,60.93
https://www.mjm-services.co.uk/drainage-in-burghfield-common/,0,195,0%,54.17
https://www.mjm-services.co.uk/foundations-in-clewer-village/,0,194,0%,43.87
https://www.mjm-services.co.uk/digger-hire-in-bisham/?s,0,193,0%,52.01
https://www.mjm-services.co.uk/groundworks-contractor-in-hanworth/?s,0,191,0%,31.55
https://www.mjm-services.co.uk/foundations-in-curridge/,0,190,0%,43.42
https://www.mjm-services.co.uk/drainage-in-aarons-hill/,0,182,0%,42.87
https://www.mjm-services.co.uk/foundations-in-smallfield/,0,180,0%,46.74
https://www.mjm-services.co.uk/groundworks-in-buckland-2/?s,0,179,0%,64.84
https://www.mjm-services.co.uk/foundations-in-shepherds-hill/,0,177,0%,56.85
https://www.mjm-services.co.uk/digger-hire-in-catteshall/?s,0,174,0%,47.16
https://www.mjm-services.co.uk/groundworks-contractor-in-new-town-2/,0,174,0%,50.8
https://www.mjm-services.co.uk/groundworks-contractor-in-temple-park/,0,174,0%,58.48
https://www.mjm-services.co.uk/new-builds-in-burgh-heath/,0,162,0%,28.09
https://www.mjm-services.co.uk/drainage-in-penny-pot/,0,157,0%,56.92
https://www.mjm-services.co.uk/drainage-in-beasleys-ait/,0,155,0%,52.03
https://www.mjm-services.co.uk/foundations-in-ripley/,0,153,0%,53.39
https://www.mjm-services.co.uk/digger-hire-in-binscombe/,0,152,0%,49.58
https://www.mjm-services.co.uk/groundworks-contractor-in-isle-of-wight/,0,152,0%,54.47
https://www.mjm-services.co.uk/groundworks-in-wash-common/,0,152,0%,67.17
https://www.mjm-services.co.uk/digger-hire-in-elcot/,0,151,0%,47.35
https://www.mjm-services.co.uk/digger-hire-in-old-warren/,0,149,0%,42.99
https://www.mjm-services.co.uk/groundworks-in-stoneleigh/,0,146,0%,38.51
https://www.mjm-services.co.uk/foundations-in-hemdean-bottom/,0,146,0%,59.1
https://www.mjm-services.co.uk/groundworks-contractor-in-weybridge/?s,0,145,0%,18.3
https://www.mjm-services.co.uk/new-builds-in-datchet-common/,0,140,0%,29.11
https://www.mjm-services.co.uk/drainage-in-worlds-end/,0,140,0%,57.51
https://www.mjm-services.co.uk/new-builds-in-bullbrook/,0,133,0%,66.14
https://www.mjm-services.co.uk/new-builds-in-pangbourne/,0,128,0%,42.32
https://www.mjm-services.co.uk/digger-hire-in-munstead-heath/,0,127,0%,46.72
https://www.mjm-services.co.uk/foundations-in-desborough-island/,0,118,0%,57.58
https://www.mjm-services.co.uk/new-builds-in-sutton-green/,0,111,0%,40.79
https://www.mjm-services.co.uk/drainage-in-farleigh-court/,0,110,0%,67.07
https://www.mjm-services.co.uk/digger-hire-in-new-england/,0,105,0%,43.16
https://www.mjm-services.co.uk/new-builds-in-myrke/,0,103,0%,59.87
https://www.mjm-services.co.uk/new-builds-in-winding-wood/,0,94,0%,31.8
https://www.mjm-services.co.uk/groundworks-contractor-in-popeswood/?s,0,94,0%,53.93
https://www.mjm-services.co.uk/drainage-in-brick-hill/,0,92,0%,56.92
https://www.mjm-services.co.uk/groundworks-in-holmbury-st-mary/,0,86,0%,37.58
https://www.mjm-services.co.uk/digger-hire-in-datchet/,0,85,0%,35.87
https://www.mjm-services.co.uk/groundworks-contractor-in-pirbright/?s,0,83,0%,32.95
https://www.mjm-services.co.uk/landscaping-berkshire/,0,82,0%,22.39
https://www.mjm-services.co.uk/groundworks-contractor-in-hemdean-bottom/,0,82,0%,67.98
https://www.mjm-services.co.uk/groundworks-contractor-in-whitley-wood/,0,81,0%,61.77
https://www.mjm-services.co.uk/groundworks-contractor-in-wash-water/,0,76,0%,14.22
https://www.mjm-services.co.uk/digger-hire-in-hamm-court-estate/,0,73,0%,44.36
https://www.mjm-services.co.uk/groundworks-contractor-in-south-nutfield/,0,70,0%,46.46
https://www.mjm-services.co.uk/groundworks-contractor-in-felbridge/?s,0,68,0%,69.31
https://www.mjm-services.co.uk/groundworks-in-hayes/?s,0,64,0%,28.86
https://www.mjm-services.co.uk/digger-hire-in-stonebridge/,0,59,0%,54.78
https://www.mjm-services.co.uk/new-builds-in-povey-cross/,0,58,0%,41.02
https://www.mjm-services.co.uk/new-builds-in-enton-green/,0,58,0%,48.69
https://www.mjm-services.co.uk/drainage-in-great-stanmore/?s,0,56,0%,51.43
https://www.mjm-services.co.uk/foundations-in-hoe-benham/?s,0,52,0%,53.42
https://www.mjm-services.co.uk/new-builds-in-ash-green/,0,52,0%,67.65
https://www.mjm-services.co.uk/groundworks-contractor-in-the-sands/,0,51,0%,69.59
https://www.mjm-services.co.uk/new-builds-in-ripley/,0,46,0%,58.98
https://www.mjm-services.co.uk/digger-hire-in-shefford-woodlands/,0,45,0%,44.13
https://www.mjm-services.co.uk/groundworks-contractor-in-warwick-wold/,0,45,0%,49.44
https://www.mjm-services.co.uk/groundworks-in-feltham/,0,43,0%,35.86
https://www.mjm-services.co.uk/new-builds-in-bishops-green/,0,43,0%,37.35
https://www.mjm-services.co.uk/new-builds-in-byfleet/?s,0,42,0%,30.95
https://www.mjm-services.co.uk/groundworks-contractor-in-hockering-estate/,0,41,0%,32.44
https://www.mjm-services.co.uk/groundworks-in-west-drayton/?s,0,41,0%,53.8
https://www.mjm-services.co.uk/groundworks-contractor-in-the-warren/,0,41,0%,55.54
https://www.mjm-services.co.uk/new-builds-in-egham-wick/,0,39,0%,50.77
https://www.mjm-services.co.uk/drainage-in-skimpedhill/,0,39,0%,64.72
https://www.mjm-services.co.uk/foundations-in-north-looe/,0,38,0%,23.68
https://www.mjm-services.co.uk/digger-hire-in-new-haw/,0,37,0%,32.03
https://www.mjm-services.co.uk/new-builds-in-south-merstham/,0,36,0%,68
https://www.mjm-services.co.uk/new-builds-in-stoneleigh/,0,34,0%,31.62
https://www.mjm-services.co.uk/digger-hire-in-lower-bourne/,0,34,0%,53.5
https://www.mjm-services.co.uk/new-builds-in-oxted/?s,0,33,0%,27.3
https://www.mjm-services.co.uk/digger-hire-in-fetcham/,0,33,0%,31.73
https://www.mjm-services.co.uk/foundations-in-beenhams-heath/?s,0,33,0%,40.91
https://www.mjm-services.co.uk/digger-hire-in-manor-park/?s,0,31,0%,51.97
https://www.mjm-services.co.uk/groundworks-contractor-in-holyport/?s,0,29,0%,47.76
https://www.mjm-services.co.uk/new-builds-in-burghfield/,0,27,0%,37.07
https://www.mjm-services.co.uk/drainage-in-north-looe/?s,0,27,0%,53.74
https://www.mjm-services.co.uk/drainage-in-ripley-springs/,0,26,0%,76.88
https://www.mjm-services.co.uk/new-builds-in-water-oakley/,0,24,0%,38.92
https://www.mjm-services.co.uk/digger-hire-in-west-ewell/,0,23,0%,26.87
https://www.mjm-services.co.uk/digger-hire-in-the-holt/,0,22,0%,30.32
https://www.mjm-services.co.uk/new-builds-in-chertsey/,0,21,0%,22.57
https://www.mjm-services.co.uk/digger-hire-in-the-mount/,0,21,0%,40.14
https://www.mjm-services.co.uk/new-builds-in-laleham-2/,0,20,0%,22.5
https://www.mjm-services.co.uk/digger-hire-in-jennetts-hill/,0,20,0%,51
https://www.mjm-services.co.uk/digger-hire-in-banstead/?s,0,19,0%,17.79
https://www.mjm-services.co.uk/groundworks-contractor-in-moss-end/,0,19,0%,45.63
https://www.mjm-services.co.uk/foundations-in-compton-3/,0,19,0%,51.95
https://www.mjm-services.co.uk/groundworks-contractor-in-pangbourne/,0,19,0%,82.74
https://www.mjm-services.co.uk/groundworks-contractor-in-esher/?s,0,18,0%,11.72
https://www.mjm-services.co.uk/digger-hire-in-south-mimms/?s,0,18,0%,38.06
https://www.mjm-services.co.uk/digger-hire-in-east-molesey/,0,18,0%,40.39
https://www.mjm-services.co.uk/groundworks-contractor-in-great-burgh/,0,18,0%,50.06
https://www.mjm-services.co.uk/new-builds-in-charlton/?s,0,18,0%,56.17
https://www.mjm-services.co.uk/new-builds-in-alfold-crossways/,0,18,0%,62.17
https://www.mjm-services.co.uk/equestrian-facility-cobham/,0,17,0%,8.47
https://www.mjm-services.co.uk/new-builds-in-north-town/?s,0,17,0%,42.94
https://www.mjm-services.co.uk/digger-hire-in-caversham-heights/,0,17,0%,48.24
https://www.mjm-services.co.uk/drainage-in-lower-kingswood/?s,0,17,0%,53.65
https://www.mjm-services.co.uk/drainage-in-great-lea-common/,0,17,0%,71.94
https://www.mjm-services.co.uk/digger-hire-in-paley-street/?s,0,16,0%,34.75
https://www.mjm-services.co.uk/digger-hire-in-wick-hill/,0,16,0%,36.12
https://www.mjm-services.co.uk/digger-hire-in-little-london/,0,16,0%,39.38
https://www.mjm-services.co.uk/groundworks-contractor-in-owlsmoor/?s,0,16,0%,46.19
https://www.mjm-services.co.uk/digger-hire-in-lower-earley/,0,16,0%,46.62
https://www.mjm-services.co.uk/digger-hire-in-east-ilsley/,0,16,0%,54.56
https://www.mjm-services.co.uk/drainage-in-peasemore/?s,0,16,0%,66.44
https://www.mjm-services.co.uk/new-builds-in-east-fields/?s,0,15,0%,54.4
https://www.mjm-services.co.uk/groundworks-in-little-bookham/?s,0,14,0%,38
https://www.mjm-services.co.uk/new-builds-in-east-clandon/,0,14,0%,44.36
https://www.mjm-services.co.uk/foundations-in-hamsey-green/?s,0,14,0%,60
https://www.mjm-services.co.uk/foundations-in-manor-park/,0,14,0%,66.64
https://www.mjm-services.co.uk/groundworks-contractor-in-esher/,0,13,0%,19.15
https://www.mjm-services.co.uk/digger-hire-in-ewhurst-green/,0,13,0%,28.85
https://www.mjm-services.co.uk/groundworks-contractor-in-livingstone-park/,0,13,0%,44.08
https://www.mjm-services.co.uk/digger-hire-in-whitegrove/,0,13,0%,44.85
https://www.mjm-services.co.uk/digger-hire-in-lower-eashing/,0,13,0%,53.69
https://www.mjm-services.co.uk/digger-hire-in-park-barn/,0,13,0%,63.08
https://www.mjm-services.co.uk/drainage-in-russ-hill/,0,13,0%,80.38
https://www.mjm-services.co.uk/groundworks-in-godstone/?s,0,12,0%,11.17
https://www.mjm-services.co.uk/new-builds-in-the-holt-2/,0,12,0%,11.42
https://www.mjm-services.co.uk/groundworks-in-lingfield/?s,0,12,0%,19.33
https://www.mjm-services.co.uk/digger-hire-in-harmans-water/,0,12,0%,31.25
https://www.mjm-services.co.uk/groundworks-contractor-in-hungerford/?s,0,12,0%,42.67
https://www.mjm-services.co.uk/digger-hire-in-hoe-benham/,0,12,0%,51.75
https://www.mjm-services.co.uk/digger-hire-in-hamm-moor/,0,11,0%,34.64
https://www.mjm-services.co.uk/new-builds-in-new-haw/,0,11,0%,45.73
https://www.mjm-services.co.uk/digger-hire-in-upper-hale/,0,11,0%,47.91
https://www.mjm-services.co.uk/digger-hire-in-sheets-heath/,0,11,0%,51.45
https://www.mjm-services.co.uk/groundworks-contractor-in-four-points/,0,11,0%,57.45
https://www.mjm-services.co.uk/groundworks-in-epsom/?s,0,10,0%,18.9
https://www.mjm-services.co.uk/new-builds-in-great-burgh/,0,10,0%,51.1
https://www.mjm-services.co.uk/new-builds-in-church-town/,0,10,0%,53.8
https://www.mjm-services.co.uk/groundworks-contractor-in-royal-holloway/,0,9,0%,9.11
https://www.mjm-services.co.uk/new-builds-in-walton-on-thames/,0,9,0%,13
https://www.mjm-services.co.uk/digger-hire-in-gatwick/,0,9,0%,21.56
https://www.mjm-services.co.uk/concrete-bases-windsor/?s,0,9,0%,26.22
https://www.mjm-services.co.uk/groundworks-contractor-in-new-town/,0,9,0%,39.89
https://www.mjm-services.co.uk/groundworks-contractor-in-west-drayton/,0,9,0%,41
https://www.mjm-services.co.uk/digger-hire-in-miless-green/,0,9,0%,44.56
https://www.mjm-services.co.uk/groundworks-contractor-in-chapel-green/?s,0,9,0%,49
https://www.mjm-services.co.uk/groundworks-contractor-in-sunningdale/?s,0,8,0%,5.25
https://www.mjm-services.co.uk/groundworks-in-frimley-green/?s,0,8,0%,9.62
https://www.mjm-services.co.uk/new-builds-in-peasemore/?s,0,8,0%,16.5
https://www.mjm-services.co.uk/new-builds-in-woodlands-park/,0,8,0%,22.5
https://www.mjm-services.co.uk/digger-hire-in-martins-heron/,0,8,0%,26.62
https://www.mjm-services.co.uk/digger-hire-in-stanford-dingley/,0,8,0%,28.12
https://www.mjm-services.co.uk/foundations-in-aldermaston-soke/?s,0,8,0%,30.5
https://www.mjm-services.co.uk/new-builds-in-merle-common/,0,8,0%,42.75
https://www.mjm-services.co.uk/groundworks-contractor-in-tadworth/,0,8,0%,51.5
https://www.mjm-services.co.uk/digger-hire-in-datchet-common/,0,8,0%,54.12
https://www.mjm-services.co.uk/new-builds-in-hatchford-end/,0,8,0%,54.88
https://www.mjm-services.co.uk/new-builds-in-green-cross/,0,8,0%,72.25
https://www.mjm-services.co.uk/groundworks-in-hockering-estate/?s,0,7,0%,49
https://www.mjm-services.co.uk/foundations-in-east-garston/?s,0,7,0%,58.14
https://www.mjm-services.co.uk/new-builds-in-downside/?s,0,7,0%,68.14
https://www.mjm-services.co.uk/new-builds-in-chieveley/?s,0,6,0%,8.17
https://www.mjm-services.co.uk/groundworks-in-pyrford-village/?s,0,6,0%,13.5
https://www.mjm-services.co.uk/foundations-in-tyrells-wood/,0,6,0%,20
https://www.mjm-services.co.uk/groundworks-in-birtley-green/,0,6,0%,25.83
https://www.mjm-services.co.uk/digger-hire-in-st-pancras/,0,6,0%,29.67
https://www.mjm-services.co.uk/groundworks-contractor-in-penton-hook/?s,0,6,0%,33
https://www.mjm-services.co.uk/new-builds-in-winterbourne/?s,0,6,0%,34.5
https://www.mjm-services.co.uk/digger-hire-in-epsom-downs/,0,6,0%,37.67
https://www.mjm-services.co.uk/groundworks-contractor-in-st-georges-hill/?s,0,6,0%,40
https://www.mjm-services.co.uk/new-builds-in-littleton-common/,0,6,0%,60.5
https://www.mjm-services.co.uk/new-builds-in-beacon-hill/,0,6,0%,64.17
https://www.mjm-services.co.uk/drainage-in-ashampstead-green/,0,6,0%,91.83
https://www.mjm-services.co.uk/foundations-in-great-stanmore/?s,0,5,0%,2.6
https://www.mjm-services.co.uk/new-builds-in-elstead/?s,0,5,0%,7.6
https://www.mjm-services.co.uk/drainage-in-calcot-row/,0,5,0%,13
https://www.mjm-services.co.uk/new-builds-in-newbury/?s,0,5,0%,19
https://www.mjm-services.co.uk/foundations-in-uxbridge/?s,0,5,0%,34.4
https://www.mjm-services.co.uk/new-builds-in-quicks-green/,0,5,0%,48.8
https://www.mjm-services.co.uk/digger-hire-in-whistley-green/?s,0,5,0%,53.6
https://www.mjm-services.co.uk/new-builds-in-frith-hill/,0,5,0%,58.2
https://www.mjm-services.co.uk/new-builds-in-sunninghill/,0,5,0%,80.4
https://www.mjm-services.co.uk/digger-hire-in-finchampstead/?s,0,4,0%,6.75
https://www.mjm-services.co.uk/drainage-in-stanwell-moor/?s,0,4,0%,10.75
https://www.mjm-services.co.uk/groundworks-in-ascot/?s,0,4,0%,15
https://www.mjm-services.co.uk/new-builds-in-wasp-green/,0,4,0%,33
https://www.mjm-services.co.uk/groundworks-in-sidlow/?s,0,4,0%,48
https://www.mjm-services.co.uk/new-builds-in-wraysbury/?s,0,4,0%,49.75
https://www.mjm-services.co.uk/foundations-in-penny-pot/?s,0,4,0%,56.25
https://www.mjm-services.co.uk/groundworks-contractor-in-parsonage-green/,0,4,0%,60.5
https://www.mjm-services.co.uk/digger-hire-in-farleigh-court/,0,4,0%,64
https://www.mjm-services.co.uk/groundworks-in-chavey-down/?s,0,3,0%,5.33
https://www.mjm-services.co.uk/groundworks-in-lambourn-woodlands/?s,0,3,0%,6.67
https://www.mjm-services.co.uk/digger-hire-in-mortimer/?s,0,3,0%,7.67
https://www.mjm-services.co.uk/new-builds-in-knowle-green/,0,3,0%,8
https://www.mjm-services.co.uk/digger-hire-in-epsom/?s,0,3,0%,8.33
https://www.mjm-services.co.uk/new-builds-in-upton/?s,0,3,0%,9
https://www.mjm-services.co.uk/drainage-in-great-bookham/,0,3,0%,9.67
https://www.mjm-services.co.uk/digger-hire-in-harrow-on-the-hill/?s,0,3,0%,10.67
https://www.mjm-services.co.uk/new-builds-in-brick-hill/,0,3,0%,15
https://www.mjm-services.co.uk/foundations-in-epsom/?s,0,3,0%,17.33
https://www.mjm-services.co.uk/groundworks-contractor-in-perivale/?s,0,3,0%,19
https://www.mjm-services.co.uk/groundworks-in-englefield-green/?s,0,3,0%,26.67
https://www.mjm-services.co.uk/new-builds-in-westhumble/,0,3,0%,29
https://www.mjm-services.co.uk/new-builds-in-lower-halliford/?s,0,3,0%,33.33
https://www.mjm-services.co.uk/groundworks-contractor-in-compton-3/,0,3,0%,35.33
https://www.mjm-services.co.uk/new-builds-in-west-woodhay/,0,3,0%,39
https://www.mjm-services.co.uk/foundations-in-tyrells-wood/?s,0,3,0%,74
https://www.mjm-services.co.uk/groundworks-contractor-in-sheerwater/?s,0,2,0%,2.5
https://www.mjm-services.co.uk/new-builds-in-hampton/,0,2,0%,3
https://www.mjm-services.co.uk/digger-hire-in-tilehurst/,0,2,0%,4.5
https://www.mjm-services.co.uk/new-builds-in-moss-end/?s,0,2,0%,8
https://www.mjm-services.co.uk/foundations-in-aldermaston-wharf/?s,0,2,0%,9
https://www.mjm-services.co.uk/new-builds-in-ockham/?s,0,2,0%,9
https://www.mjm-services.co.uk/groundworks-in-strood-green/,0,2,0%,9.5
https://www.mjm-services.co.uk/groundworks-in-south-ascot/?s,0,2,0%,11
https://www.mjm-services.co.uk/new-builds-in-walton-on-thames/?s,0,2,0%,11
https://www.mjm-services.co.uk/groundworks-contractor-in-sandhurst/?s,0,2,0%,11.5
https://www.mjm-services.co.uk/digger-hire-in-hungerford/?s,0,2,0%,29.5
https://www.mjm-services.co.uk/groundworks-in-compton-2/?s,0,2,0%,34
https://www.mjm-services.co.uk/foundations-in-albury/?s,0,2,0%,35
https://www.mjm-services.co.uk/digger-hire-in-chaddleworth/?s,0,2,0%,37
https://www.mjm-services.co.uk/groundworks-in-gatton/?s,0,2,0%,39
https://www.mjm-services.co.uk/new-builds-in-thorpe-lea/,0,2,0%,39
https://www.mjm-services.co.uk/new-builds-in-west-ilsley/?s,0,2,0%,46
https://www.mjm-services.co.uk/digger-hire-in-cheapside/?s,0,2,0%,46.5
https://www.mjm-services.co.uk/new-builds-in-manor-park/?s,0,2,0%,71
https://www.mjm-services.co.uk/groundworks-in-hurst/?s,0,2,0%,74.5
https://www.mjm-services.co.uk/new-builds-in-holland/?s,0,2,0%,76
https://www.mjm-services.co.uk/new-builds-in-salt-hill/?s,0,2,0%,98
https://www.mjm-services.co.uk/new-builds-in-east-garston-woodlands/,0,1,0%,1
https://www.mjm-services.co.uk/digger-hire-in-albury/,0,1,0%,2
https://www.mjm-services.co.uk/drainage-in-twickenham/?s,0,1,0%,2
https://www.mjm-services.co.uk/digger-hire-in-stubbings/?s,0,1,0%,4
https://www.mjm-services.co.uk/drainage-in-chiddingfold/?s,0,1,0%,4
https://www.mjm-services.co.uk/drainage-in-gomshall/?s,0,1,0%,4
https://www.mjm-services.co.uk/foundations-in-beasleys-ait/,0,1,0%,4
https://www.mjm-services.co.uk/groundworks-in-birtley-green/?s,0,1,0%,4
https://www.mjm-services.co.uk/drainage-in-ascot/?s,0,1,0%,5
https://www.mjm-services.co.uk/foundations-in-dedworth/?s,0,1,0%,5
https://www.mjm-services.co.uk/groundworks-in-ewhurst-green/?s,0,1,0%,6
https://www.mjm-services.co.uk/new-builds-in-boyn-hill/?s,0,1,0%,6
https://www.mjm-services.co.uk/foundations-in-stonebridge/,0,1,0%,7
https://www.mjm-services.co.uk/new-builds-in-epsom/,0,1,0%,7
https://www.mjm-services.co.uk/groundsworks-at-langley-farm-harefield/langley_farm_pictures-005/,0,1,0%,8
https://www.mjm-services.co.uk/groundworks-contractor-in-frogmill/?s,0,1,0%,8
https://www.mjm-services.co.uk/groundworks-in-brands-hill/?s,0,1,0%,9
https://www.mjm-services.co.uk/groundworks-in-cox-green/?s,0,1,0%,9
https://www.mjm-services.co.uk/groundworks-in-wick-hill/?s,0,1,0%,9
https://www.mjm-services.co.uk/drainage-in-eashing/?s,0,1,0%,10
https://www.mjm-services.co.uk/drainage-in-ruislip/?s,0,1,0%,10
https://www.mjm-services.co.uk/foundations-in-colnbrook/?s,0,1,0%,10
https://www.mjm-services.co.uk/foundations-in-lightwater/?s,0,1,0%,10
https://www.mjm-services.co.uk/drainage-in-mytchett/?s,0,1,0%,11
https://www.mjm-services.co.uk/groundworks-in-east-clandon/?s,0,1,0%,17
https://www.mjm-services.co.uk/wp-content/uploads/2025/03/MJ-MANSELL-logo-png-300x217.png,0,1,0%,18
https://www.mjm-services.co.uk/wp-content/uploads/2025/03/MJ-MANSELL-logo-png4-1-300x217.png,0,1,0%,18
https://www.mjm-services.co.uk/drainage-in-burghfield-common/?s,0,1,0%,29
https://www.mjm-services.co.uk/new-builds-in-britwell/,0,1,0%,35
https://www.mjm-services.co.uk/groundworks-in-harpesford/?s,0,1,0%,52
https://www.mjm-services.co.uk/digger-hire-in-henley-park/,0,1,0%,63
https://www.mjm-services.co.uk/digger-hire-in-myrke/,0,1,0%,74
https://www.mjm-services.co.uk/groundworks-contractor-in-ramsnest-common/?s,0,1,0%,75
https://www.mjm-services.co.uk/new-builds-in-row-town/,0,1,0%,80
https://www.mjm-services.co.uk/groundworks-contractor-in-stanford-common/?s,0,1,0%,82
https://www.mjm-services.co.uk/groundworks-contractor-in-middle-bourne/?s,0,1,0%,91
https://www.mjm-services.co.uk/digger-hire-in-hurst-park/,0,1,0%,93
https://www.mjm-services.co.uk/drainage-in-brook/?s,0,1,0%,94
https://www.mjm-services.co.uk/digger-hire-in-frilsham/,0,1,0%,99